,id,FirstName,LastName,Username,Email,Avatar,Gender,DoB,Address
6,2777,Dante,McGlynn,dante.mcglynn,dante.mcglynn@email.com,https://robohash.org/eavoluptatepraesentium.png?size=300x300&set=set1,Genderqueer,1990-10-30,"Brianne Crescent,5065 Kunde Meadows,D'Amorefort,Utah,United States,54305-3886"
0,6070,Duane,Denesik,duane.denesik,duane.denesik@email.com,https://robohash.org/molestiaeautofficia.png?size=300x300&set=set1,Male,1962-11-30,"Kautzer Locks,8031 Wilber Isle,Ornchester,Vermont,United States,72728-2000"
8,8559,Dustin,Kirlin,dustin.kirlin,dustin.kirlin@email.com,https://robohash.org/delectusquamquae.png?size=300x300&set=set1,Non-binary,2000-01-01,"Kris Canyon,51977 Alissa Court,Tannaside,Kentucky,United States,82557"
2,1067,Harold,Rempel,harold.rempel,harold.rempel@email.com,https://robohash.org/eligendiutplaceat.png?size=300x300&set=set1,Genderqueer,1987-06-03,"Barbie Shoal,6191 Kelly Valley,New Kraigchester,Georgia,United States,02108"
9,5766,Lauren,Baumbach,lauren.baumbach,lauren.baumbach@email.com,https://robohash.org/quipariaturnulla.png?size=300x300&set=set1,Polygender,1985-08-02,"Block Course,16669 Grover Rest,O'Harashire,Idaho,United States,40370-2304"
3,1487,Marcell,Kuhlman,marcell.kuhlman,marcell.kuhlman@email.com,https://robohash.org/commodiomnisrepellat.png?size=300x300&set=set1,Agender,1961-12-17,"Bonnie Cliffs,484 Lind Fork,Labadieside,Vermont,United States,74540"
5,7683,May,Larkin,may.larkin,may.larkin@email.com,https://robohash.org/facereutmodi.png?size=300x300&set=set1,Male,1997-08-25,"Lakin Crescent,489 Pfannerstill Garden,West Raneebury,Oregon,United States,47290-0222"
4,5638,Paige,Koch,paige.koch,paige.koch@email.com,https://robohash.org/modiundecommodi.png?size=300x300&set=set1,Genderfluid,1982-08-06,"Wintheiser Loaf,26998 Irwin Way,Marquardtmouth,Iowa,United States,60689-1300"
7,9797,Rema,Steuber,rema.steuber,rema.steuber@email.com,https://robohash.org/beataedoloremrepellat.png?size=300x300&set=set1,Male,1967-06-08,"Mann Brook,1533 Shields Circles,Lake Kerrystad,California,United States,93868"
1,7886,Tressie,Stracke,tressie.stracke,tressie.stracke@email.com,https://robohash.org/corruptisuntvoluptas.png?size=300x300&set=set1,Agender,1963-09-27,"Jerde Vista,960 Merrill Station,Lawerencechester,Arizona,United States,21800"
